{
  "config": {
    "model": "SiameseEfficientNet",
    "pretrained": true,
    "backbone": "efficientnet_b0",
    "fusion": "concat_child_pattern_absdiff_multiply",
    "training": "head_only",
    "image_resize": {
      "method": "resize_long_side_then_black_pad",
      "image_size": 224,
      "preserve_aspect_ratio": true
    },
    "num_epochs": 20,
    "early_stopping_patience": 4,
    "batch_size": 8,
    "learning_rate": 0.0003,
    "weight_decay": 0.0001,
    "seed": 42,
    "threshold_grid": [
      0.05,
      0.1,
      0.15,
      0.2,
      0.25,
      0.3,
      0.35,
      0.4,
      0.45,
      0.5,
      0.55,
      0.6,
      0.65,
      0.7,
      0.75,
      0.8,
      0.85,
      0.9,
      0.95
    ],
    "patients": [
      "Aniela_Sonczewa",
      "Antonina_Lonc",
      "Franciszek_Lonc",
      "Jakub_B",
      "Kacper_B",
      "Karol_K",
      "Karolina_Witanek",
      "Liliana_B",
      "Maja_B",
      "Michal_B",
      "Rita_Kaminska",
      "Tymoteusz_K",
      "Wojtek_Swiatek",
      "Zosia_B"
    ],
    "labels": [
      "omissions",
      "distortions",
      "perseverations",
      "rotations",
      "displacements",
      "relative_size_errors"
    ],
    "device": "cpu"
  },
  "strategies": {
    "always_positive_baseline": {
      "macro_f1_mean": 0.6704874038696289,
      "macro_f1_std": 0.07153311371803284,
      "micro_f1_mean": 0.7423414587974548,
      "micro_f1_std": 0.05129913240671158,
      "weighted_f1_mean": 0.8680822253227234,
      "weighted_f1_std": 0.03841559961438179,
      "hamming_loss_mean": 0.4071428179740906,
      "hamming_loss_std": 0.0638432726264,
      "subset_accuracy_mean": 0.06428571790456772,
      "subset_accuracy_std": 0.10424657166004181,
      "per_label": {
        "omissions": {
          "f1_mean": 0.4520241916179657,
          "f1_std": 0.17675641179084778
        },
        "distortions": {
          "f1_mean": 0.9807853102684021,
          "f1_std": 0.033259857445955276
        },
        "perseverations": {
          "f1_mean": 0.37533894181251526,
          "f1_std": 0.1560504138469696
        },
        "rotations": {
          "f1_mean": 0.3015555739402771,
          "f1_std": 0.22722046077251434
        },
        "displacements": {
          "f1_mean": 0.9578112363815308,
          "f1_std": 0.03699749335646629
        },
        "relative_size_errors": {
          "f1_mean": 0.9554094076156616,
          "f1_std": 0.06593261659145355
        }
      }
    },
    "majority_baseline": {
      "macro_f1_mean": 0.48233434557914734,
      "macro_f1_std": 0.021037325263023376,
      "micro_f1_mean": 0.8566953539848328,
      "micro_f1_std": 0.05558808147907257,
      "weighted_f1_mean": 0.7676081657409668,
      "weighted_f1_std": 0.07740572094917297,
      "hamming_loss_mean": 0.15714284777641296,
      "hamming_loss_std": 0.06226998195052147,
      "subset_accuracy_mean": 0.45000001788139343,
      "subset_accuracy_std": 0.17627088725566864,
      "per_label": {
        "omissions": {
          "f1_mean": 0.0,
          "f1_std": 0.0
        },
        "distortions": {
          "f1_mean": 0.9807853102684021,
          "f1_std": 0.033259857445955276
        },
        "perseverations": {
          "f1_mean": 0.0,
          "f1_std": 0.0
        },
        "rotations": {
          "f1_mean": 0.0,
          "f1_std": 0.0
        },
        "displacements": {
          "f1_mean": 0.9578112363815308,
          "f1_std": 0.03699749335646629
        },
        "relative_size_errors": {
          "f1_mean": 0.9554094076156616,
          "f1_std": 0.06593261659145355
        }
      }
    },
    "model_threshold_0_5": {
      "macro_f1_mean": 0.7137370109558105,
      "macro_f1_std": 0.09291904419660568,
      "micro_f1_mean": 0.8146458864212036,
      "micro_f1_std": 0.05447182059288025,
      "weighted_f1_mean": 0.8441811800003052,
      "weighted_f1_std": 0.04749193787574768,
      "hamming_loss_mean": 0.2190476357936859,
      "hamming_loss_std": 0.06450580060482025,
      "subset_accuracy_mean": 0.23571431636810303,
      "subset_accuracy_std": 0.12309777736663818,
      "per_label": {
        "omissions": {
          "f1_mean": 0.6238353848457336,
          "f1_std": 0.23655325174331665
        },
        "distortions": {
          "f1_mean": 0.9117415547370911,
          "f1_std": 0.06786151230335236
        },
        "perseverations": {
          "f1_mean": 0.5520408153533936,
          "f1_std": 0.23092056810855865
        },
        "rotations": {
          "f1_mean": 0.42811793088912964,
          "f1_std": 0.36221301555633545
        },
        "displacements": {
          "f1_mean": 0.9046452641487122,
          "f1_std": 0.035442061722278595
        },
        "relative_size_errors": {
          "f1_mean": 0.8620413541793823,
          "f1_std": 0.07774496078491211
        }
      }
    },
    "model_tuned_thresholds": {
      "macro_f1_mean": 0.7360201478004456,
      "macro_f1_std": 0.08612339943647385,
      "micro_f1_mean": 0.8556169867515564,
      "micro_f1_std": 0.04365925490856171,
      "weighted_f1_mean": 0.8916898965835571,
      "weighted_f1_std": 0.03678576275706291,
      "hamming_loss_mean": 0.18690477311611176,
      "hamming_loss_std": 0.05915360897779465,
      "subset_accuracy_mean": 0.29999998211860657,
      "subset_accuracy_std": 0.16903086006641388,
      "per_label": {
        "omissions": {
          "f1_mean": 0.5634044408798218,
          "f1_std": 0.23831485211849213
        },
        "distortions": {
          "f1_mean": 0.9807853102684021,
          "f1_std": 0.033259857445955276
        },
        "perseverations": {
          "f1_mean": 0.5581220388412476,
          "f1_std": 0.25988253951072693
        },
        "rotations": {
          "f1_mean": 0.4178377687931061,
          "f1_std": 0.3515131175518036
        },
        "displacements": {
          "f1_mean": 0.9447639584541321,
          "f1_std": 0.048696957528591156
        },
        "relative_size_errors": {
          "f1_mean": 0.95120769739151,
          "f1_std": 0.06482207775115967
        }
      }
    }
  }
}