{
  "Aniela_Sonczewa": {
    "train_loss": [
      0.6431925773620606,
      0.48413958549499514,
      0.3792607545852661,
      0.29576411843299866
    ],
    "val_loss": [
      0.7580351054668426,
      0.7569337546825409,
      0.7670820653438568,
      0.7868808448314667
    ],
    "macro_f1": [
      0.21367521367521367,
      0.37222222222222223,
      0.4305555555555555,
      0.3756387403446227
    ],
    "micro_f1": [
      0.24489795918367346,
      0.4230769230769231,
      0.48148148148148145,
      0.48
    ]
  },
  "Antonina_Lonc": {
    "train_loss": [
      0.41316514611244204,
      0.21276665031909942,
      0.2508445858955383,
      0.20508642494678497
    ],
    "val_loss": [
      157563.69959368705,
      170316.11945508717,
      154236.15452867746,
      156730.50665262938
    ],
    "macro_f1": [
      0.5504524886877827,
      0.6195193867020492,
      0.5988795518207283,
      0.575595238095238
    ],
    "micro_f1": [
      0.7,
      0.7936507936507936,
      0.7540983606557377,
      0.711864406779661
    ]
  }
}